municipality,barangay,name,age,sex,address
Alaminos City,Baleyadaan,Synthetic Worker 0001,25,Male,Synthetic test address 0001
Alaminos City,Baleyadaan,Synthetic Worker 0002,32,Other,Synthetic test address 0002
Alaminos City,Baleyadaan,Synthetic Worker 0003,39,Female,Synthetic test address 0003
Alaminos City,Baleyadaan,Synthetic Worker 0004,46,Male,Synthetic test address 0004
Alaminos City,Baleyadaan,Synthetic Worker 0005,53,Other,Synthetic test address 0005
Alaminos City,Baleyadaan,Synthetic Worker 0006,60,Female,Synthetic test address 0006
Alaminos City,Baleyadaan,Synthetic Worker 0007,19,Male,Synthetic test address 0007
Alaminos City,Baleyadaan,Synthetic Worker 0008,26,Other,Synthetic test address 0008
Alaminos City,Baleyadaan,Synthetic Worker 0009,33,Female,Synthetic test address 0009
Alaminos City,Baleyadaan,Synthetic Worker 0010,40,Male,Synthetic test address 0010
Alaminos City,Baleyadaan,Synthetic Worker 0011,47,Other,Synthetic test address 0011
Alaminos City,Baleyadaan,Synthetic Worker 0012,54,Female,Synthetic test address 0012
Alaminos City,Baleyadaan,Synthetic Worker 0013,61,Male,Synthetic test address 0013
Alaminos City,Baleyadaan,Synthetic Worker 0014,20,Other,Synthetic test address 0014
Alaminos City,Baleyadaan,Synthetic Worker 0015,27,Female,Synthetic test address 0015
Alaminos City,Baleyadaan,Synthetic Worker 0016,34,Male,Synthetic test address 0016
Alaminos City,Baleyadaan,Synthetic Worker 0017,41,Other,Synthetic test address 0017
Alaminos City,Baleyadaan,Synthetic Worker 0018,48,Female,Synthetic test address 0018
Alaminos City,Baleyadaan,Synthetic Worker 0019,55,Male,Synthetic test address 0019
Alaminos City,Baleyadaan,Synthetic Worker 0020,62,Other,Synthetic test address 0020
Alaminos City,Bisocol,Synthetic Worker 0021,21,Female,Synthetic test address 0021
Alaminos City,Bisocol,Synthetic Worker 0022,28,Male,Synthetic test address 0022
Alaminos City,Bisocol,Synthetic Worker 0023,35,Other,Synthetic test address 0023
Alaminos City,Bisocol,Synthetic Worker 0024,42,Female,Synthetic test address 0024
Alaminos City,Bisocol,Synthetic Worker 0025,49,Male,Synthetic test address 0025
Alaminos City,Bisocol,Synthetic Worker 0026,56,Other,Synthetic test address 0026
Alaminos City,Bisocol,Synthetic Worker 0027,63,Female,Synthetic test address 0027
Alaminos City,Bisocol,Synthetic Worker 0028,22,Male,Synthetic test address 0028
Alaminos City,Bisocol,Synthetic Worker 0029,29,Other,Synthetic test address 0029
Alaminos City,Bisocol,Synthetic Worker 0030,36,Female,Synthetic test address 0030
Alaminos City,Bisocol,Synthetic Worker 0031,43,Male,Synthetic test address 0031
Alaminos City,Bisocol,Synthetic Worker 0032,50,Other,Synthetic test address 0032
Alaminos City,Bisocol,Synthetic Worker 0033,57,Female,Synthetic test address 0033
Alaminos City,Bisocol,Synthetic Worker 0034,64,Male,Synthetic test address 0034
Alaminos City,Bisocol,Synthetic Worker 0035,23,Other,Synthetic test address 0035
Alaminos City,Bisocol,Synthetic Worker 0036,30,Female,Synthetic test address 0036
Alaminos City,Bisocol,Synthetic Worker 0037,37,Male,Synthetic test address 0037
Alaminos City,Bisocol,Synthetic Worker 0038,44,Other,Synthetic test address 0038
Alaminos City,Bisocol,Synthetic Worker 0039,51,Female,Synthetic test address 0039
Alaminos City,Bisocol,Synthetic Worker 0040,58,Male,Synthetic test address 0040
Alaminos City,Bolaney,Synthetic Worker 0041,65,Other,Synthetic test address 0041
Alaminos City,Bolaney,Synthetic Worker 0042,24,Female,Synthetic test address 0042
Alaminos City,Bolaney,Synthetic Worker 0043,31,Male,Synthetic test address 0043
Alaminos City,Bolaney,Synthetic Worker 0044,38,Other,Synthetic test address 0044
Alaminos City,Bolaney,Synthetic Worker 0045,45,Female,Synthetic test address 0045
Alaminos City,Bolaney,Synthetic Worker 0046,52,Male,Synthetic test address 0046
Alaminos City,Bolaney,Synthetic Worker 0047,59,Other,Synthetic test address 0047
Alaminos City,Bolaney,Synthetic Worker 0048,18,Female,Synthetic test address 0048
Alaminos City,Bolaney,Synthetic Worker 0049,25,Male,Synthetic test address 0049
Alaminos City,Bolaney,Synthetic Worker 0050,32,Other,Synthetic test address 0050
Alaminos City,Bolaney,Synthetic Worker 0051,39,Female,Synthetic test address 0051
Alaminos City,Bolaney,Synthetic Worker 0052,46,Male,Synthetic test address 0052
Alaminos City,Bolaney,Synthetic Worker 0053,53,Other,Synthetic test address 0053
Alaminos City,Bolaney,Synthetic Worker 0054,60,Female,Synthetic test address 0054
Alaminos City,Bolaney,Synthetic Worker 0055,19,Male,Synthetic test address 0055
Alaminos City,Bolaney,Synthetic Worker 0056,26,Other,Synthetic test address 0056
Alaminos City,Bolaney,Synthetic Worker 0057,33,Female,Synthetic test address 0057
Alaminos City,Bolaney,Synthetic Worker 0058,40,Male,Synthetic test address 0058
Alaminos City,Bolaney,Synthetic Worker 0059,47,Other,Synthetic test address 0059
Alaminos City,Bolaney,Synthetic Worker 0060,54,Female,Synthetic test address 0060
Alaminos City,Bued,Synthetic Worker 0061,61,Male,Synthetic test address 0061
Alaminos City,Bued,Synthetic Worker 0062,20,Other,Synthetic test address 0062
Alaminos City,Bued,Synthetic Worker 0063,27,Female,Synthetic test address 0063
Alaminos City,Bued,Synthetic Worker 0064,34,Male,Synthetic test address 0064
Alaminos City,Bued,Synthetic Worker 0065,41,Other,Synthetic test address 0065
Alaminos City,Bued,Synthetic Worker 0066,48,Female,Synthetic test address 0066
Alaminos City,Bued,Synthetic Worker 0067,55,Male,Synthetic test address 0067
Alaminos City,Bued,Synthetic Worker 0068,62,Other,Synthetic test address 0068
Alaminos City,Bued,Synthetic Worker 0069,21,Female,Synthetic test address 0069
Alaminos City,Bued,Synthetic Worker 0070,28,Male,Synthetic test address 0070
Alaminos City,Bued,Synthetic Worker 0071,35,Other,Synthetic test address 0071
Alaminos City,Bued,Synthetic Worker 0072,42,Female,Synthetic test address 0072
Alaminos City,Bued,Synthetic Worker 0073,49,Male,Synthetic test address 0073
Alaminos City,Bued,Synthetic Worker 0074,56,Other,Synthetic test address 0074
Alaminos City,Bued,Synthetic Worker 0075,63,Female,Synthetic test address 0075
Alaminos City,Bued,Synthetic Worker 0076,22,Male,Synthetic test address 0076
Alaminos City,Bued,Synthetic Worker 0077,29,Other,Synthetic test address 0077
Alaminos City,Bued,Synthetic Worker 0078,36,Female,Synthetic test address 0078
Alaminos City,Bued,Synthetic Worker 0079,43,Male,Synthetic test address 0079
Alaminos City,Bued,Synthetic Worker 0080,50,Other,Synthetic test address 0080
Alaminos City,Cayucay,Synthetic Worker 0081,57,Female,Synthetic test address 0081
Alaminos City,Cayucay,Synthetic Worker 0082,64,Male,Synthetic test address 0082
Alaminos City,Cayucay,Synthetic Worker 0083,23,Other,Synthetic test address 0083
Alaminos City,Cayucay,Synthetic Worker 0084,30,Female,Synthetic test address 0084
Alaminos City,Cayucay,Synthetic Worker 0085,37,Male,Synthetic test address 0085
Alaminos City,Cayucay,Synthetic Worker 0086,44,Other,Synthetic test address 0086
Alaminos City,Cayucay,Synthetic Worker 0087,51,Female,Synthetic test address 0087
Alaminos City,Cayucay,Synthetic Worker 0088,58,Male,Synthetic test address 0088
Alaminos City,Cayucay,Synthetic Worker 0089,65,Other,Synthetic test address 0089
Alaminos City,Cayucay,Synthetic Worker 0090,24,Female,Synthetic test address 0090
Alaminos City,Cayucay,Synthetic Worker 0091,31,Male,Synthetic test address 0091
Alaminos City,Cayucay,Synthetic Worker 0092,38,Other,Synthetic test address 0092
Alaminos City,Cayucay,Synthetic Worker 0093,45,Female,Synthetic test address 0093
Alaminos City,Cayucay,Synthetic Worker 0094,52,Male,Synthetic test address 0094
Alaminos City,Cayucay,Synthetic Worker 0095,59,Other,Synthetic test address 0095
Alaminos City,Cayucay,Synthetic Worker 0096,18,Female,Synthetic test address 0096
Alaminos City,Cayucay,Synthetic Worker 0097,25,Male,Synthetic test address 0097
Alaminos City,Cayucay,Synthetic Worker 0098,32,Other,Synthetic test address 0098
Alaminos City,Cayucay,Synthetic Worker 0099,39,Female,Synthetic test address 0099
Alaminos City,Cayucay,Synthetic Worker 0100,46,Male,Synthetic test address 0100
Alaminos City,Lucap,Synthetic Worker 0101,53,Other,Synthetic test address 0101
Alaminos City,Lucap,Synthetic Worker 0102,60,Female,Synthetic test address 0102
Alaminos City,Lucap,Synthetic Worker 0103,19,Male,Synthetic test address 0103
Alaminos City,Lucap,Synthetic Worker 0104,26,Other,Synthetic test address 0104
Alaminos City,Lucap,Synthetic Worker 0105,33,Female,Synthetic test address 0105
Alaminos City,Lucap,Synthetic Worker 0106,40,Male,Synthetic test address 0106
Alaminos City,Lucap,Synthetic Worker 0107,47,Other,Synthetic test address 0107
Alaminos City,Lucap,Synthetic Worker 0108,54,Female,Synthetic test address 0108
Alaminos City,Lucap,Synthetic Worker 0109,61,Male,Synthetic test address 0109
Alaminos City,Lucap,Synthetic Worker 0110,20,Other,Synthetic test address 0110
Alaminos City,Lucap,Synthetic Worker 0111,27,Female,Synthetic test address 0111
Alaminos City,Lucap,Synthetic Worker 0112,34,Male,Synthetic test address 0112
Alaminos City,Lucap,Synthetic Worker 0113,41,Other,Synthetic test address 0113
Alaminos City,Lucap,Synthetic Worker 0114,48,Female,Synthetic test address 0114
Alaminos City,Lucap,Synthetic Worker 0115,55,Male,Synthetic test address 0115
Alaminos City,Lucap,Synthetic Worker 0116,62,Other,Synthetic test address 0116
Alaminos City,Lucap,Synthetic Worker 0117,21,Female,Synthetic test address 0117
Alaminos City,Lucap,Synthetic Worker 0118,28,Male,Synthetic test address 0118
Alaminos City,Lucap,Synthetic Worker 0119,35,Other,Synthetic test address 0119
Alaminos City,Lucap,Synthetic Worker 0120,42,Female,Synthetic test address 0120
Alaminos City,Mona,Synthetic Worker 0121,49,Male,Synthetic test address 0121
Alaminos City,Mona,Synthetic Worker 0122,56,Other,Synthetic test address 0122
Alaminos City,Mona,Synthetic Worker 0123,63,Female,Synthetic test address 0123
Alaminos City,Mona,Synthetic Worker 0124,22,Male,Synthetic test address 0124
Alaminos City,Mona,Synthetic Worker 0125,29,Other,Synthetic test address 0125
Alaminos City,Mona,Synthetic Worker 0126,36,Female,Synthetic test address 0126
Alaminos City,Mona,Synthetic Worker 0127,43,Male,Synthetic test address 0127
Alaminos City,Mona,Synthetic Worker 0128,50,Other,Synthetic test address 0128
Alaminos City,Mona,Synthetic Worker 0129,57,Female,Synthetic test address 0129
Alaminos City,Mona,Synthetic Worker 0130,64,Male,Synthetic test address 0130
Alaminos City,Mona,Synthetic Worker 0131,23,Other,Synthetic test address 0131
Alaminos City,Mona,Synthetic Worker 0132,30,Female,Synthetic test address 0132
Alaminos City,Mona,Synthetic Worker 0133,37,Male,Synthetic test address 0133
Alaminos City,Mona,Synthetic Worker 0134,44,Other,Synthetic test address 0134
Alaminos City,Mona,Synthetic Worker 0135,51,Female,Synthetic test address 0135
Alaminos City,Mona,Synthetic Worker 0136,58,Male,Synthetic test address 0136
Alaminos City,Mona,Synthetic Worker 0137,65,Other,Synthetic test address 0137
Alaminos City,Mona,Synthetic Worker 0138,24,Female,Synthetic test address 0138
Alaminos City,Mona,Synthetic Worker 0139,31,Male,Synthetic test address 0139
Alaminos City,Mona,Synthetic Worker 0140,38,Other,Synthetic test address 0140
Alaminos City,Pandan,Synthetic Worker 0141,45,Female,Synthetic test address 0141
Alaminos City,Pandan,Synthetic Worker 0142,52,Male,Synthetic test address 0142
Alaminos City,Pandan,Synthetic Worker 0143,59,Other,Synthetic test address 0143
Alaminos City,Pandan,Synthetic Worker 0144,18,Female,Synthetic test address 0144
Alaminos City,Pandan,Synthetic Worker 0145,25,Male,Synthetic test address 0145
Alaminos City,Pandan,Synthetic Worker 0146,32,Other,Synthetic test address 0146
Alaminos City,Pandan,Synthetic Worker 0147,39,Female,Synthetic test address 0147
Alaminos City,Pandan,Synthetic Worker 0148,46,Male,Synthetic test address 0148
Alaminos City,Pandan,Synthetic Worker 0149,53,Other,Synthetic test address 0149
Alaminos City,Pandan,Synthetic Worker 0150,60,Female,Synthetic test address 0150
Alaminos City,Pandan,Synthetic Worker 0151,19,Male,Synthetic test address 0151
Alaminos City,Pandan,Synthetic Worker 0152,26,Other,Synthetic test address 0152
Alaminos City,Pandan,Synthetic Worker 0153,33,Female,Synthetic test address 0153
Alaminos City,Pandan,Synthetic Worker 0154,40,Male,Synthetic test address 0154
Alaminos City,Pandan,Synthetic Worker 0155,47,Other,Synthetic test address 0155
Alaminos City,Pandan,Synthetic Worker 0156,54,Female,Synthetic test address 0156
Alaminos City,Pandan,Synthetic Worker 0157,61,Male,Synthetic test address 0157
Alaminos City,Pandan,Synthetic Worker 0158,20,Other,Synthetic test address 0158
Alaminos City,Pandan,Synthetic Worker 0159,27,Female,Synthetic test address 0159
Alaminos City,Pandan,Synthetic Worker 0160,34,Male,Synthetic test address 0160
Alaminos City,Pangapisan,Synthetic Worker 0161,41,Other,Synthetic test address 0161
Alaminos City,Pangapisan,Synthetic Worker 0162,48,Female,Synthetic test address 0162
Alaminos City,Pangapisan,Synthetic Worker 0163,55,Male,Synthetic test address 0163
Alaminos City,Pangapisan,Synthetic Worker 0164,62,Other,Synthetic test address 0164
Alaminos City,Pangapisan,Synthetic Worker 0165,21,Female,Synthetic test address 0165
Alaminos City,Pangapisan,Synthetic Worker 0166,28,Male,Synthetic test address 0166
Alaminos City,Pangapisan,Synthetic Worker 0167,35,Other,Synthetic test address 0167
Alaminos City,Pangapisan,Synthetic Worker 0168,42,Female,Synthetic test address 0168
Alaminos City,Pangapisan,Synthetic Worker 0169,49,Male,Synthetic test address 0169
Alaminos City,Pangapisan,Synthetic Worker 0170,56,Other,Synthetic test address 0170
Alaminos City,Pangapisan,Synthetic Worker 0171,63,Female,Synthetic test address 0171
Alaminos City,Pangapisan,Synthetic Worker 0172,22,Male,Synthetic test address 0172
Alaminos City,Pangapisan,Synthetic Worker 0173,29,Other,Synthetic test address 0173
Alaminos City,Pangapisan,Synthetic Worker 0174,36,Female,Synthetic test address 0174
Alaminos City,Pangapisan,Synthetic Worker 0175,43,Male,Synthetic test address 0175
Alaminos City,Pangapisan,Synthetic Worker 0176,50,Other,Synthetic test address 0176
Alaminos City,Pangapisan,Synthetic Worker 0177,57,Female,Synthetic test address 0177
Alaminos City,Pangapisan,Synthetic Worker 0178,64,Male,Synthetic test address 0178
Alaminos City,Pangapisan,Synthetic Worker 0179,23,Other,Synthetic test address 0179
Alaminos City,Pangapisan,Synthetic Worker 0180,30,Female,Synthetic test address 0180
Alaminos City,Sabangan,Synthetic Worker 0181,37,Male,Synthetic test address 0181
Alaminos City,Sabangan,Synthetic Worker 0182,44,Other,Synthetic test address 0182
Alaminos City,Sabangan,Synthetic Worker 0183,51,Female,Synthetic test address 0183
Alaminos City,Sabangan,Synthetic Worker 0184,58,Male,Synthetic test address 0184
Alaminos City,Sabangan,Synthetic Worker 0185,65,Other,Synthetic test address 0185
Alaminos City,Sabangan,Synthetic Worker 0186,24,Female,Synthetic test address 0186
Alaminos City,Sabangan,Synthetic Worker 0187,31,Male,Synthetic test address 0187
Alaminos City,Sabangan,Synthetic Worker 0188,38,Other,Synthetic test address 0188
Alaminos City,Sabangan,Synthetic Worker 0189,45,Female,Synthetic test address 0189
Alaminos City,Sabangan,Synthetic Worker 0190,52,Male,Synthetic test address 0190
Alaminos City,Sabangan,Synthetic Worker 0191,59,Other,Synthetic test address 0191
Alaminos City,Sabangan,Synthetic Worker 0192,18,Female,Synthetic test address 0192
Alaminos City,Sabangan,Synthetic Worker 0193,25,Male,Synthetic test address 0193
Alaminos City,Sabangan,Synthetic Worker 0194,32,Other,Synthetic test address 0194
Alaminos City,Sabangan,Synthetic Worker 0195,39,Female,Synthetic test address 0195
Alaminos City,Sabangan,Synthetic Worker 0196,46,Male,Synthetic test address 0196
Alaminos City,Sabangan,Synthetic Worker 0197,53,Other,Synthetic test address 0197
Alaminos City,Sabangan,Synthetic Worker 0198,60,Female,Synthetic test address 0198
Alaminos City,Sabangan,Synthetic Worker 0199,19,Male,Synthetic test address 0199
Alaminos City,Sabangan,Synthetic Worker 0200,26,Other,Synthetic test address 0200
Alaminos City,Telbang,Synthetic Worker 0201,33,Female,Synthetic test address 0201
Alaminos City,Telbang,Synthetic Worker 0202,40,Male,Synthetic test address 0202
Alaminos City,Telbang,Synthetic Worker 0203,47,Other,Synthetic test address 0203
Alaminos City,Telbang,Synthetic Worker 0204,54,Female,Synthetic test address 0204
Alaminos City,Telbang,Synthetic Worker 0205,61,Male,Synthetic test address 0205
Alaminos City,Telbang,Synthetic Worker 0206,20,Other,Synthetic test address 0206
Alaminos City,Telbang,Synthetic Worker 0207,27,Female,Synthetic test address 0207
Alaminos City,Telbang,Synthetic Worker 0208,34,Male,Synthetic test address 0208
Alaminos City,Telbang,Synthetic Worker 0209,41,Other,Synthetic test address 0209
Alaminos City,Telbang,Synthetic Worker 0210,48,Female,Synthetic test address 0210
Alaminos City,Telbang,Synthetic Worker 0211,55,Male,Synthetic test address 0211
Alaminos City,Telbang,Synthetic Worker 0212,62,Other,Synthetic test address 0212
Alaminos City,Telbang,Synthetic Worker 0213,21,Female,Synthetic test address 0213
Alaminos City,Telbang,Synthetic Worker 0214,28,Male,Synthetic test address 0214
Alaminos City,Telbang,Synthetic Worker 0215,35,Other,Synthetic test address 0215
Alaminos City,Telbang,Synthetic Worker 0216,42,Female,Synthetic test address 0216
Alaminos City,Telbang,Synthetic Worker 0217,49,Male,Synthetic test address 0217
Alaminos City,Telbang,Synthetic Worker 0218,56,Other,Synthetic test address 0218
Alaminos City,Telbang,Synthetic Worker 0219,63,Female,Synthetic test address 0219
Alaminos City,Telbang,Synthetic Worker 0220,22,Male,Synthetic test address 0220
Alaminos City,Victoria,Synthetic Worker 0221,29,Other,Synthetic test address 0221
Alaminos City,Victoria,Synthetic Worker 0222,36,Female,Synthetic test address 0222
Alaminos City,Victoria,Synthetic Worker 0223,43,Male,Synthetic test address 0223
Alaminos City,Victoria,Synthetic Worker 0224,50,Other,Synthetic test address 0224
Alaminos City,Victoria,Synthetic Worker 0225,57,Female,Synthetic test address 0225
Alaminos City,Victoria,Synthetic Worker 0226,64,Male,Synthetic test address 0226
Alaminos City,Victoria,Synthetic Worker 0227,23,Other,Synthetic test address 0227
Alaminos City,Victoria,Synthetic Worker 0228,30,Female,Synthetic test address 0228
Alaminos City,Victoria,Synthetic Worker 0229,37,Male,Synthetic test address 0229
Alaminos City,Victoria,Synthetic Worker 0230,44,Other,Synthetic test address 0230
Alaminos City,Victoria,Synthetic Worker 0231,51,Female,Synthetic test address 0231
Alaminos City,Victoria,Synthetic Worker 0232,58,Male,Synthetic test address 0232
Alaminos City,Victoria,Synthetic Worker 0233,65,Other,Synthetic test address 0233
Alaminos City,Victoria,Synthetic Worker 0234,24,Female,Synthetic test address 0234
Alaminos City,Victoria,Synthetic Worker 0235,31,Male,Synthetic test address 0235
Alaminos City,Victoria,Synthetic Worker 0236,38,Other,Synthetic test address 0236
Alaminos City,Victoria,Synthetic Worker 0237,45,Female,Synthetic test address 0237
Alaminos City,Victoria,Synthetic Worker 0238,52,Male,Synthetic test address 0238
Alaminos City,Victoria,Synthetic Worker 0239,59,Other,Synthetic test address 0239
Alaminos City,Victoria,Synthetic Worker 0240,18,Female,Synthetic test address 0240
Anda,Macaleeng,Synthetic Worker 0241,25,Male,Synthetic test address 0241
Anda,Macaleeng,Synthetic Worker 0242,32,Other,Synthetic test address 0242
Anda,Macaleeng,Synthetic Worker 0243,39,Female,Synthetic test address 0243
Anda,Macaleeng,Synthetic Worker 0244,46,Male,Synthetic test address 0244
Anda,Macaleeng,Synthetic Worker 0245,53,Other,Synthetic test address 0245
Anda,Macaleeng,Synthetic Worker 0246,60,Female,Synthetic test address 0246
Anda,Macaleeng,Synthetic Worker 0247,19,Male,Synthetic test address 0247
Anda,Macaleeng,Synthetic Worker 0248,26,Other,Synthetic test address 0248
Anda,Macaleeng,Synthetic Worker 0249,33,Female,Synthetic test address 0249
Anda,Macaleeng,Synthetic Worker 0250,40,Male,Synthetic test address 0250
Anda,Macaleeng,Synthetic Worker 0251,47,Other,Synthetic test address 0251
Anda,Macaleeng,Synthetic Worker 0252,54,Female,Synthetic test address 0252
Anda,Macaleeng,Synthetic Worker 0253,61,Male,Synthetic test address 0253
Anda,Macaleeng,Synthetic Worker 0254,20,Other,Synthetic test address 0254
Anda,Macaleeng,Synthetic Worker 0255,27,Female,Synthetic test address 0255
Anda,Macaleeng,Synthetic Worker 0256,34,Male,Synthetic test address 0256
Anda,Macaleeng,Synthetic Worker 0257,41,Other,Synthetic test address 0257
Anda,Macaleeng,Synthetic Worker 0258,48,Female,Synthetic test address 0258
Anda,Macaleeng,Synthetic Worker 0259,55,Male,Synthetic test address 0259
Anda,Macaleeng,Synthetic Worker 0260,62,Other,Synthetic test address 0260
Anda,Poblacion,Synthetic Worker 0261,21,Female,Synthetic test address 0261
Anda,Poblacion,Synthetic Worker 0262,28,Male,Synthetic test address 0262
Anda,Poblacion,Synthetic Worker 0263,35,Other,Synthetic test address 0263
Anda,Poblacion,Synthetic Worker 0264,42,Female,Synthetic test address 0264
Anda,Poblacion,Synthetic Worker 0265,49,Male,Synthetic test address 0265
Anda,Poblacion,Synthetic Worker 0266,56,Other,Synthetic test address 0266
Anda,Poblacion,Synthetic Worker 0267,63,Female,Synthetic test address 0267
Anda,Poblacion,Synthetic Worker 0268,22,Male,Synthetic test address 0268
Anda,Poblacion,Synthetic Worker 0269,29,Other,Synthetic test address 0269
Anda,Poblacion,Synthetic Worker 0270,36,Female,Synthetic test address 0270
Anda,Poblacion,Synthetic Worker 0271,43,Male,Synthetic test address 0271
Anda,Poblacion,Synthetic Worker 0272,50,Other,Synthetic test address 0272
Anda,Poblacion,Synthetic Worker 0273,57,Female,Synthetic test address 0273
Anda,Poblacion,Synthetic Worker 0274,64,Male,Synthetic test address 0274
Anda,Poblacion,Synthetic Worker 0275,23,Other,Synthetic test address 0275
Anda,Poblacion,Synthetic Worker 0276,30,Female,Synthetic test address 0276
Anda,Poblacion,Synthetic Worker 0277,37,Male,Synthetic test address 0277
Anda,Poblacion,Synthetic Worker 0278,44,Other,Synthetic test address 0278
Anda,Poblacion,Synthetic Worker 0279,51,Female,Synthetic test address 0279
Anda,Poblacion,Synthetic Worker 0280,58,Male,Synthetic test address 0280
Anda,Sablig,Synthetic Worker 0281,65,Other,Synthetic test address 0281
Anda,Sablig,Synthetic Worker 0282,24,Female,Synthetic test address 0282
Anda,Sablig,Synthetic Worker 0283,31,Male,Synthetic test address 0283
Anda,Sablig,Synthetic Worker 0284,38,Other,Synthetic test address 0284
Anda,Sablig,Synthetic Worker 0285,45,Female,Synthetic test address 0285
Anda,Sablig,Synthetic Worker 0286,52,Male,Synthetic test address 0286
Anda,Sablig,Synthetic Worker 0287,59,Other,Synthetic test address 0287
Anda,Sablig,Synthetic Worker 0288,18,Female,Synthetic test address 0288
Anda,Sablig,Synthetic Worker 0289,25,Male,Synthetic test address 0289
Anda,Sablig,Synthetic Worker 0290,32,Other,Synthetic test address 0290
Anda,Sablig,Synthetic Worker 0291,39,Female,Synthetic test address 0291
Anda,Sablig,Synthetic Worker 0292,46,Male,Synthetic test address 0292
Anda,Sablig,Synthetic Worker 0293,53,Other,Synthetic test address 0293
Anda,Sablig,Synthetic Worker 0294,60,Female,Synthetic test address 0294
Anda,Sablig,Synthetic Worker 0295,19,Male,Synthetic test address 0295
Anda,Sablig,Synthetic Worker 0296,26,Other,Synthetic test address 0296
Anda,Sablig,Synthetic Worker 0297,33,Female,Synthetic test address 0297
Anda,Sablig,Synthetic Worker 0298,40,Male,Synthetic test address 0298
Anda,Sablig,Synthetic Worker 0299,47,Other,Synthetic test address 0299
Anda,Sablig,Synthetic Worker 0300,54,Female,Synthetic test address 0300
Anda,Tondol,Synthetic Worker 0301,61,Male,Synthetic test address 0301
Anda,Tondol,Synthetic Worker 0302,20,Other,Synthetic test address 0302
Anda,Tondol,Synthetic Worker 0303,27,Female,Synthetic test address 0303
Anda,Tondol,Synthetic Worker 0304,34,Male,Synthetic test address 0304
Anda,Tondol,Synthetic Worker 0305,41,Other,Synthetic test address 0305
Anda,Tondol,Synthetic Worker 0306,48,Female,Synthetic test address 0306
Anda,Tondol,Synthetic Worker 0307,55,Male,Synthetic test address 0307
Anda,Tondol,Synthetic Worker 0308,62,Other,Synthetic test address 0308
Anda,Tondol,Synthetic Worker 0309,21,Female,Synthetic test address 0309
Anda,Tondol,Synthetic Worker 0310,28,Male,Synthetic test address 0310
Anda,Tondol,Synthetic Worker 0311,35,Other,Synthetic test address 0311
Anda,Tondol,Synthetic Worker 0312,42,Female,Synthetic test address 0312
Anda,Tondol,Synthetic Worker 0313,49,Male,Synthetic test address 0313
Anda,Tondol,Synthetic Worker 0314,56,Other,Synthetic test address 0314
Anda,Tondol,Synthetic Worker 0315,63,Female,Synthetic test address 0315
Anda,Tondol,Synthetic Worker 0316,22,Male,Synthetic test address 0316
Anda,Tondol,Synthetic Worker 0317,29,Other,Synthetic test address 0317
Anda,Tondol,Synthetic Worker 0318,36,Female,Synthetic test address 0318
Anda,Tondol,Synthetic Worker 0319,43,Male,Synthetic test address 0319
Anda,Tondol,Synthetic Worker 0320,50,Other,Synthetic test address 0320
Bani,Banog Norte,Synthetic Worker 0321,57,Female,Synthetic test address 0321
Bani,Banog Norte,Synthetic Worker 0322,64,Male,Synthetic test address 0322
Bani,Banog Norte,Synthetic Worker 0323,23,Other,Synthetic test address 0323
Bani,Banog Norte,Synthetic Worker 0324,30,Female,Synthetic test address 0324
Bani,Banog Norte,Synthetic Worker 0325,37,Male,Synthetic test address 0325
Bani,Banog Norte,Synthetic Worker 0326,44,Other,Synthetic test address 0326
Bani,Banog Norte,Synthetic Worker 0327,51,Female,Synthetic test address 0327
Bani,Banog Norte,Synthetic Worker 0328,58,Male,Synthetic test address 0328
Bani,Banog Norte,Synthetic Worker 0329,65,Other,Synthetic test address 0329
Bani,Banog Norte,Synthetic Worker 0330,24,Female,Synthetic test address 0330
Bani,Banog Norte,Synthetic Worker 0331,31,Male,Synthetic test address 0331
Bani,Banog Norte,Synthetic Worker 0332,38,Other,Synthetic test address 0332
Bani,Banog Norte,Synthetic Worker 0333,45,Female,Synthetic test address 0333
Bani,Banog Norte,Synthetic Worker 0334,52,Male,Synthetic test address 0334
Bani,Banog Norte,Synthetic Worker 0335,59,Other,Synthetic test address 0335
Bani,Banog Norte,Synthetic Worker 0336,18,Female,Synthetic test address 0336
Bani,Banog Norte,Synthetic Worker 0337,25,Male,Synthetic test address 0337
Bani,Banog Norte,Synthetic Worker 0338,32,Other,Synthetic test address 0338
Bani,Banog Norte,Synthetic Worker 0339,39,Female,Synthetic test address 0339
Bani,Banog Norte,Synthetic Worker 0340,46,Male,Synthetic test address 0340
Bani,Luac,Synthetic Worker 0341,53,Other,Synthetic test address 0341
Bani,Luac,Synthetic Worker 0342,60,Female,Synthetic test address 0342
Bani,Luac,Synthetic Worker 0343,19,Male,Synthetic test address 0343
Bani,Luac,Synthetic Worker 0344,26,Other,Synthetic test address 0344
Bani,Luac,Synthetic Worker 0345,33,Female,Synthetic test address 0345
Bani,Luac,Synthetic Worker 0346,40,Male,Synthetic test address 0346
Bani,Luac,Synthetic Worker 0347,47,Other,Synthetic test address 0347
Bani,Luac,Synthetic Worker 0348,54,Female,Synthetic test address 0348
Bani,Luac,Synthetic Worker 0349,61,Male,Synthetic test address 0349
Bani,Luac,Synthetic Worker 0350,20,Other,Synthetic test address 0350
Bani,Luac,Synthetic Worker 0351,27,Female,Synthetic test address 0351
Bani,Luac,Synthetic Worker 0352,34,Male,Synthetic test address 0352
Bani,Luac,Synthetic Worker 0353,41,Other,Synthetic test address 0353
Bani,Luac,Synthetic Worker 0354,48,Female,Synthetic test address 0354
Bani,Luac,Synthetic Worker 0355,55,Male,Synthetic test address 0355
Bani,Luac,Synthetic Worker 0356,62,Other,Synthetic test address 0356
Bani,Luac,Synthetic Worker 0357,21,Female,Synthetic test address 0357
Bani,Luac,Synthetic Worker 0358,28,Male,Synthetic test address 0358
Bani,Luac,Synthetic Worker 0359,35,Other,Synthetic test address 0359
Bani,Luac,Synthetic Worker 0360,42,Female,Synthetic test address 0360
Bani,San Miguel,Synthetic Worker 0361,49,Male,Synthetic test address 0361
Bani,San Miguel,Synthetic Worker 0362,56,Other,Synthetic test address 0362
Bani,San Miguel,Synthetic Worker 0363,63,Female,Synthetic test address 0363
Bani,San Miguel,Synthetic Worker 0364,22,Male,Synthetic test address 0364
Bani,San Miguel,Synthetic Worker 0365,29,Other,Synthetic test address 0365
Bani,San Miguel,Synthetic Worker 0366,36,Female,Synthetic test address 0366
Bani,San Miguel,Synthetic Worker 0367,43,Male,Synthetic test address 0367
Bani,San Miguel,Synthetic Worker 0368,50,Other,Synthetic test address 0368
Bani,San Miguel,Synthetic Worker 0369,57,Female,Synthetic test address 0369
Bani,San Miguel,Synthetic Worker 0370,64,Male,Synthetic test address 0370
Bani,San Miguel,Synthetic Worker 0371,23,Other,Synthetic test address 0371
Bani,San Miguel,Synthetic Worker 0372,30,Female,Synthetic test address 0372
Bani,San Miguel,Synthetic Worker 0373,37,Male,Synthetic test address 0373
Bani,San Miguel,Synthetic Worker 0374,44,Other,Synthetic test address 0374
Bani,San Miguel,Synthetic Worker 0375,51,Female,Synthetic test address 0375
Bani,San Miguel,Synthetic Worker 0376,58,Male,Synthetic test address 0376
Bani,San Miguel,Synthetic Worker 0377,65,Other,Synthetic test address 0377
Bani,San Miguel,Synthetic Worker 0378,24,Female,Synthetic test address 0378
Bani,San Miguel,Synthetic Worker 0379,31,Male,Synthetic test address 0379
Bani,San Miguel,Synthetic Worker 0380,38,Other,Synthetic test address 0380
Bolinao,Germinal,Synthetic Worker 0381,45,Female,Synthetic test address 0381
Bolinao,Germinal,Synthetic Worker 0382,52,Male,Synthetic test address 0382
Bolinao,Germinal,Synthetic Worker 0383,59,Other,Synthetic test address 0383
Bolinao,Germinal,Synthetic Worker 0384,18,Female,Synthetic test address 0384
Bolinao,Germinal,Synthetic Worker 0385,25,Male,Synthetic test address 0385
Bolinao,Germinal,Synthetic Worker 0386,32,Other,Synthetic test address 0386
Bolinao,Germinal,Synthetic Worker 0387,39,Female,Synthetic test address 0387
Bolinao,Germinal,Synthetic Worker 0388,46,Male,Synthetic test address 0388
Bolinao,Germinal,Synthetic Worker 0389,53,Other,Synthetic test address 0389
Bolinao,Germinal,Synthetic Worker 0390,60,Female,Synthetic test address 0390
Bolinao,Germinal,Synthetic Worker 0391,19,Male,Synthetic test address 0391
Bolinao,Germinal,Synthetic Worker 0392,26,Other,Synthetic test address 0392
Bolinao,Germinal,Synthetic Worker 0393,33,Female,Synthetic test address 0393
Bolinao,Germinal,Synthetic Worker 0394,40,Male,Synthetic test address 0394
Bolinao,Germinal,Synthetic Worker 0395,47,Other,Synthetic test address 0395
Bolinao,Germinal,Synthetic Worker 0396,54,Female,Synthetic test address 0396
Bolinao,Germinal,Synthetic Worker 0397,61,Male,Synthetic test address 0397
Bolinao,Germinal,Synthetic Worker 0398,20,Other,Synthetic test address 0398
Bolinao,Germinal,Synthetic Worker 0399,27,Female,Synthetic test address 0399
Bolinao,Germinal,Synthetic Worker 0400,34,Male,Synthetic test address 0400
Bolinao,Patar,Synthetic Worker 0401,41,Other,Synthetic test address 0401
Bolinao,Patar,Synthetic Worker 0402,48,Female,Synthetic test address 0402
Bolinao,Patar,Synthetic Worker 0403,55,Male,Synthetic test address 0403
Bolinao,Patar,Synthetic Worker 0404,62,Other,Synthetic test address 0404
Bolinao,Patar,Synthetic Worker 0405,21,Female,Synthetic test address 0405
Bolinao,Patar,Synthetic Worker 0406,28,Male,Synthetic test address 0406
Bolinao,Patar,Synthetic Worker 0407,35,Other,Synthetic test address 0407
Bolinao,Patar,Synthetic Worker 0408,42,Female,Synthetic test address 0408
Bolinao,Patar,Synthetic Worker 0409,49,Male,Synthetic test address 0409
Bolinao,Patar,Synthetic Worker 0410,56,Other,Synthetic test address 0410
Bolinao,Patar,Synthetic Worker 0411,63,Female,Synthetic test address 0411
Bolinao,Patar,Synthetic Worker 0412,22,Male,Synthetic test address 0412
Bolinao,Patar,Synthetic Worker 0413,29,Other,Synthetic test address 0413
Bolinao,Patar,Synthetic Worker 0414,36,Female,Synthetic test address 0414
Bolinao,Patar,Synthetic Worker 0415,43,Male,Synthetic test address 0415
Bolinao,Patar,Synthetic Worker 0416,50,Other,Synthetic test address 0416
Bolinao,Patar,Synthetic Worker 0417,57,Female,Synthetic test address 0417
Bolinao,Patar,Synthetic Worker 0418,64,Male,Synthetic test address 0418
Bolinao,Patar,Synthetic Worker 0419,23,Other,Synthetic test address 0419
Bolinao,Patar,Synthetic Worker 0420,30,Female,Synthetic test address 0420
Bolinao,Pilar,Synthetic Worker 0421,37,Male,Synthetic test address 0421
Bolinao,Pilar,Synthetic Worker 0422,44,Other,Synthetic test address 0422
Bolinao,Pilar,Synthetic Worker 0423,51,Female,Synthetic test address 0423
Bolinao,Pilar,Synthetic Worker 0424,58,Male,Synthetic test address 0424
Bolinao,Pilar,Synthetic Worker 0425,65,Other,Synthetic test address 0425
Bolinao,Pilar,Synthetic Worker 0426,24,Female,Synthetic test address 0426
Bolinao,Pilar,Synthetic Worker 0427,31,Male,Synthetic test address 0427
Bolinao,Pilar,Synthetic Worker 0428,38,Other,Synthetic test address 0428
Bolinao,Pilar,Synthetic Worker 0429,45,Female,Synthetic test address 0429
Bolinao,Pilar,Synthetic Worker 0430,52,Male,Synthetic test address 0430
Bolinao,Pilar,Synthetic Worker 0431,59,Other,Synthetic test address 0431
Bolinao,Pilar,Synthetic Worker 0432,18,Female,Synthetic test address 0432
Bolinao,Pilar,Synthetic Worker 0433,25,Male,Synthetic test address 0433
Bolinao,Pilar,Synthetic Worker 0434,32,Other,Synthetic test address 0434
Bolinao,Pilar,Synthetic Worker 0435,39,Female,Synthetic test address 0435
Bolinao,Pilar,Synthetic Worker 0436,46,Male,Synthetic test address 0436
Bolinao,Pilar,Synthetic Worker 0437,53,Other,Synthetic test address 0437
Bolinao,Pilar,Synthetic Worker 0438,60,Female,Synthetic test address 0438
Bolinao,Pilar,Synthetic Worker 0439,19,Male,Synthetic test address 0439
Bolinao,Pilar,Synthetic Worker 0440,26,Other,Synthetic test address 0440
Bolinao,Victory,Synthetic Worker 0441,33,Female,Synthetic test address 0441
Bolinao,Victory,Synthetic Worker 0442,40,Male,Synthetic test address 0442
Bolinao,Victory,Synthetic Worker 0443,47,Other,Synthetic test address 0443
Bolinao,Victory,Synthetic Worker 0444,54,Female,Synthetic test address 0444
Bolinao,Victory,Synthetic Worker 0445,61,Male,Synthetic test address 0445
Bolinao,Victory,Synthetic Worker 0446,20,Other,Synthetic test address 0446
Bolinao,Victory,Synthetic Worker 0447,27,Female,Synthetic test address 0447
Bolinao,Victory,Synthetic Worker 0448,34,Male,Synthetic test address 0448
Bolinao,Victory,Synthetic Worker 0449,41,Other,Synthetic test address 0449
Bolinao,Victory,Synthetic Worker 0450,48,Female,Synthetic test address 0450
Bolinao,Victory,Synthetic Worker 0451,55,Male,Synthetic test address 0451
Bolinao,Victory,Synthetic Worker 0452,62,Other,Synthetic test address 0452
Bolinao,Victory,Synthetic Worker 0453,21,Female,Synthetic test address 0453
Bolinao,Victory,Synthetic Worker 0454,28,Male,Synthetic test address 0454
Bolinao,Victory,Synthetic Worker 0455,35,Other,Synthetic test address 0455
Bolinao,Victory,Synthetic Worker 0456,42,Female,Synthetic test address 0456
Bolinao,Victory,Synthetic Worker 0457,49,Male,Synthetic test address 0457
Bolinao,Victory,Synthetic Worker 0458,56,Other,Synthetic test address 0458
Bolinao,Victory,Synthetic Worker 0459,63,Female,Synthetic test address 0459
Bolinao,Victory,Synthetic Worker 0460,22,Male,Synthetic test address 0460
Bolinao,Zaragoza,Synthetic Worker 0461,29,Other,Synthetic test address 0461
Bolinao,Zaragoza,Synthetic Worker 0462,36,Female,Synthetic test address 0462
Bolinao,Zaragoza,Synthetic Worker 0463,43,Male,Synthetic test address 0463
Bolinao,Zaragoza,Synthetic Worker 0464,50,Other,Synthetic test address 0464
Bolinao,Zaragoza,Synthetic Worker 0465,57,Female,Synthetic test address 0465
Bolinao,Zaragoza,Synthetic Worker 0466,64,Male,Synthetic test address 0466
Bolinao,Zaragoza,Synthetic Worker 0467,23,Other,Synthetic test address 0467
Bolinao,Zaragoza,Synthetic Worker 0468,30,Female,Synthetic test address 0468
Bolinao,Zaragoza,Synthetic Worker 0469,37,Male,Synthetic test address 0469
Bolinao,Zaragoza,Synthetic Worker 0470,44,Other,Synthetic test address 0470
Bolinao,Zaragoza,Synthetic Worker 0471,51,Female,Synthetic test address 0471
Bolinao,Zaragoza,Synthetic Worker 0472,58,Male,Synthetic test address 0472
Bolinao,Zaragoza,Synthetic Worker 0473,65,Other,Synthetic test address 0473
Bolinao,Zaragoza,Synthetic Worker 0474,24,Female,Synthetic test address 0474
Bolinao,Zaragoza,Synthetic Worker 0475,31,Male,Synthetic test address 0475
Bolinao,Zaragoza,Synthetic Worker 0476,38,Other,Synthetic test address 0476
Bolinao,Zaragoza,Synthetic Worker 0477,45,Female,Synthetic test address 0477
Bolinao,Zaragoza,Synthetic Worker 0478,52,Male,Synthetic test address 0478
Bolinao,Zaragoza,Synthetic Worker 0479,59,Other,Synthetic test address 0479
Bolinao,Zaragoza,Synthetic Worker 0480,18,Female,Synthetic test address 0480
Dasol,Amalbalan,Synthetic Worker 0481,25,Male,Synthetic test address 0481
Dasol,Amalbalan,Synthetic Worker 0482,32,Other,Synthetic test address 0482
Dasol,Amalbalan,Synthetic Worker 0483,39,Female,Synthetic test address 0483
Dasol,Amalbalan,Synthetic Worker 0484,46,Male,Synthetic test address 0484
Dasol,Amalbalan,Synthetic Worker 0485,53,Other,Synthetic test address 0485
Dasol,Amalbalan,Synthetic Worker 0486,60,Female,Synthetic test address 0486
Dasol,Amalbalan,Synthetic Worker 0487,19,Male,Synthetic test address 0487
Dasol,Amalbalan,Synthetic Worker 0488,26,Other,Synthetic test address 0488
Dasol,Amalbalan,Synthetic Worker 0489,33,Female,Synthetic test address 0489
Dasol,Amalbalan,Synthetic Worker 0490,40,Male,Synthetic test address 0490
Dasol,Amalbalan,Synthetic Worker 0491,47,Other,Synthetic test address 0491
Dasol,Amalbalan,Synthetic Worker 0492,54,Female,Synthetic test address 0492
Dasol,Amalbalan,Synthetic Worker 0493,61,Male,Synthetic test address 0493
Dasol,Amalbalan,Synthetic Worker 0494,20,Other,Synthetic test address 0494
Dasol,Amalbalan,Synthetic Worker 0495,27,Female,Synthetic test address 0495
Dasol,Amalbalan,Synthetic Worker 0496,34,Male,Synthetic test address 0496
Dasol,Amalbalan,Synthetic Worker 0497,41,Other,Synthetic test address 0497
Dasol,Amalbalan,Synthetic Worker 0498,48,Female,Synthetic test address 0498
Dasol,Amalbalan,Synthetic Worker 0499,55,Male,Synthetic test address 0499
Dasol,Amalbalan,Synthetic Worker 0500,62,Other,Synthetic test address 0500
Dasol,Bobonot,Synthetic Worker 0501,21,Female,Synthetic test address 0501
Dasol,Bobonot,Synthetic Worker 0502,28,Male,Synthetic test address 0502
Dasol,Bobonot,Synthetic Worker 0503,35,Other,Synthetic test address 0503
Dasol,Bobonot,Synthetic Worker 0504,42,Female,Synthetic test address 0504
Dasol,Bobonot,Synthetic Worker 0505,49,Male,Synthetic test address 0505
Dasol,Bobonot,Synthetic Worker 0506,56,Other,Synthetic test address 0506
Dasol,Bobonot,Synthetic Worker 0507,63,Female,Synthetic test address 0507
Dasol,Bobonot,Synthetic Worker 0508,22,Male,Synthetic test address 0508
Dasol,Bobonot,Synthetic Worker 0509,29,Other,Synthetic test address 0509
Dasol,Bobonot,Synthetic Worker 0510,36,Female,Synthetic test address 0510
Dasol,Bobonot,Synthetic Worker 0511,43,Male,Synthetic test address 0511
Dasol,Bobonot,Synthetic Worker 0512,50,Other,Synthetic test address 0512
Dasol,Bobonot,Synthetic Worker 0513,57,Female,Synthetic test address 0513
Dasol,Bobonot,Synthetic Worker 0514,64,Male,Synthetic test address 0514
Dasol,Bobonot,Synthetic Worker 0515,23,Other,Synthetic test address 0515
Dasol,Bobonot,Synthetic Worker 0516,30,Female,Synthetic test address 0516
Dasol,Bobonot,Synthetic Worker 0517,37,Male,Synthetic test address 0517
Dasol,Bobonot,Synthetic Worker 0518,44,Other,Synthetic test address 0518
Dasol,Bobonot,Synthetic Worker 0519,51,Female,Synthetic test address 0519
Dasol,Bobonot,Synthetic Worker 0520,58,Male,Synthetic test address 0520
Dasol,Gais-Guipe,Synthetic Worker 0521,65,Other,Synthetic test address 0521
Dasol,Gais-Guipe,Synthetic Worker 0522,24,Female,Synthetic test address 0522
Dasol,Gais-Guipe,Synthetic Worker 0523,31,Male,Synthetic test address 0523
Dasol,Gais-Guipe,Synthetic Worker 0524,38,Other,Synthetic test address 0524
Dasol,Gais-Guipe,Synthetic Worker 0525,45,Female,Synthetic test address 0525
Dasol,Gais-Guipe,Synthetic Worker 0526,52,Male,Synthetic test address 0526
Dasol,Gais-Guipe,Synthetic Worker 0527,59,Other,Synthetic test address 0527
Dasol,Gais-Guipe,Synthetic Worker 0528,18,Female,Synthetic test address 0528
Dasol,Gais-Guipe,Synthetic Worker 0529,25,Male,Synthetic test address 0529
Dasol,Gais-Guipe,Synthetic Worker 0530,32,Other,Synthetic test address 0530
Dasol,Gais-Guipe,Synthetic Worker 0531,39,Female,Synthetic test address 0531
Dasol,Gais-Guipe,Synthetic Worker 0532,46,Male,Synthetic test address 0532
Dasol,Gais-Guipe,Synthetic Worker 0533,53,Other,Synthetic test address 0533
Dasol,Gais-Guipe,Synthetic Worker 0534,60,Female,Synthetic test address 0534
Dasol,Gais-Guipe,Synthetic Worker 0535,19,Male,Synthetic test address 0535
Dasol,Gais-Guipe,Synthetic Worker 0536,26,Other,Synthetic test address 0536
Dasol,Gais-Guipe,Synthetic Worker 0537,33,Female,Synthetic test address 0537
Dasol,Gais-Guipe,Synthetic Worker 0538,40,Male,Synthetic test address 0538
Dasol,Gais-Guipe,Synthetic Worker 0539,47,Other,Synthetic test address 0539
Dasol,Gais-Guipe,Synthetic Worker 0540,54,Female,Synthetic test address 0540
Dasol,Hermosa,Synthetic Worker 0541,61,Male,Synthetic test address 0541
Dasol,Hermosa,Synthetic Worker 0542,20,Other,Synthetic test address 0542
Dasol,Hermosa,Synthetic Worker 0543,27,Female,Synthetic test address 0543
Dasol,Hermosa,Synthetic Worker 0544,34,Male,Synthetic test address 0544
Dasol,Hermosa,Synthetic Worker 0545,41,Other,Synthetic test address 0545
Dasol,Hermosa,Synthetic Worker 0546,48,Female,Synthetic test address 0546
Dasol,Hermosa,Synthetic Worker 0547,55,Male,Synthetic test address 0547
Dasol,Hermosa,Synthetic Worker 0548,62,Other,Synthetic test address 0548
Dasol,Hermosa,Synthetic Worker 0549,21,Female,Synthetic test address 0549
Dasol,Hermosa,Synthetic Worker 0550,28,Male,Synthetic test address 0550
Dasol,Hermosa,Synthetic Worker 0551,35,Other,Synthetic test address 0551
Dasol,Hermosa,Synthetic Worker 0552,42,Female,Synthetic test address 0552
Dasol,Hermosa,Synthetic Worker 0553,49,Male,Synthetic test address 0553
Dasol,Hermosa,Synthetic Worker 0554,56,Other,Synthetic test address 0554
Dasol,Hermosa,Synthetic Worker 0555,63,Female,Synthetic test address 0555
Dasol,Hermosa,Synthetic Worker 0556,22,Male,Synthetic test address 0556
Dasol,Hermosa,Synthetic Worker 0557,29,Other,Synthetic test address 0557
Dasol,Hermosa,Synthetic Worker 0558,36,Female,Synthetic test address 0558
Dasol,Hermosa,Synthetic Worker 0559,43,Male,Synthetic test address 0559
Dasol,Hermosa,Synthetic Worker 0560,50,Other,Synthetic test address 0560
Dasol,Magsaysay,Synthetic Worker 0561,57,Female,Synthetic test address 0561
Dasol,Magsaysay,Synthetic Worker 0562,64,Male,Synthetic test address 0562
Dasol,Magsaysay,Synthetic Worker 0563,23,Other,Synthetic test address 0563
Dasol,Magsaysay,Synthetic Worker 0564,30,Female,Synthetic test address 0564
Dasol,Magsaysay,Synthetic Worker 0565,37,Male,Synthetic test address 0565
Dasol,Magsaysay,Synthetic Worker 0566,44,Other,Synthetic test address 0566
Dasol,Magsaysay,Synthetic Worker 0567,51,Female,Synthetic test address 0567
Dasol,Magsaysay,Synthetic Worker 0568,58,Male,Synthetic test address 0568
Dasol,Magsaysay,Synthetic Worker 0569,65,Other,Synthetic test address 0569
Dasol,Magsaysay,Synthetic Worker 0570,24,Female,Synthetic test address 0570
Dasol,Magsaysay,Synthetic Worker 0571,31,Male,Synthetic test address 0571
Dasol,Magsaysay,Synthetic Worker 0572,38,Other,Synthetic test address 0572
Dasol,Magsaysay,Synthetic Worker 0573,45,Female,Synthetic test address 0573
Dasol,Magsaysay,Synthetic Worker 0574,52,Male,Synthetic test address 0574
Dasol,Magsaysay,Synthetic Worker 0575,59,Other,Synthetic test address 0575
Dasol,Magsaysay,Synthetic Worker 0576,18,Female,Synthetic test address 0576
Dasol,Magsaysay,Synthetic Worker 0577,25,Male,Synthetic test address 0577
Dasol,Magsaysay,Synthetic Worker 0578,32,Other,Synthetic test address 0578
Dasol,Magsaysay,Synthetic Worker 0579,39,Female,Synthetic test address 0579
Dasol,Magsaysay,Synthetic Worker 0580,46,Male,Synthetic test address 0580
Dasol,Malacapas,Synthetic Worker 0581,53,Other,Synthetic test address 0581
Dasol,Malacapas,Synthetic Worker 0582,60,Female,Synthetic test address 0582
Dasol,Malacapas,Synthetic Worker 0583,19,Male,Synthetic test address 0583
Dasol,Malacapas,Synthetic Worker 0584,26,Other,Synthetic test address 0584
Dasol,Malacapas,Synthetic Worker 0585,33,Female,Synthetic test address 0585
Dasol,Malacapas,Synthetic Worker 0586,40,Male,Synthetic test address 0586
Dasol,Malacapas,Synthetic Worker 0587,47,Other,Synthetic test address 0587
Dasol,Malacapas,Synthetic Worker 0588,54,Female,Synthetic test address 0588
Dasol,Malacapas,Synthetic Worker 0589,61,Male,Synthetic test address 0589
Dasol,Malacapas,Synthetic Worker 0590,20,Other,Synthetic test address 0590
Dasol,Malacapas,Synthetic Worker 0591,27,Female,Synthetic test address 0591
Dasol,Malacapas,Synthetic Worker 0592,34,Male,Synthetic test address 0592
Dasol,Malacapas,Synthetic Worker 0593,41,Other,Synthetic test address 0593
Dasol,Malacapas,Synthetic Worker 0594,48,Female,Synthetic test address 0594
Dasol,Malacapas,Synthetic Worker 0595,55,Male,Synthetic test address 0595
Dasol,Malacapas,Synthetic Worker 0596,62,Other,Synthetic test address 0596
Dasol,Malacapas,Synthetic Worker 0597,21,Female,Synthetic test address 0597
Dasol,Malacapas,Synthetic Worker 0598,28,Male,Synthetic test address 0598
Dasol,Malacapas,Synthetic Worker 0599,35,Other,Synthetic test address 0599
Dasol,Malacapas,Synthetic Worker 0600,42,Female,Synthetic test address 0600
Dasol,Uli,Synthetic Worker 0601,49,Male,Synthetic test address 0601
Dasol,Uli,Synthetic Worker 0602,56,Other,Synthetic test address 0602
Dasol,Uli,Synthetic Worker 0603,63,Female,Synthetic test address 0603
Dasol,Uli,Synthetic Worker 0604,22,Male,Synthetic test address 0604
Dasol,Uli,Synthetic Worker 0605,29,Other,Synthetic test address 0605
Dasol,Uli,Synthetic Worker 0606,36,Female,Synthetic test address 0606
Dasol,Uli,Synthetic Worker 0607,43,Male,Synthetic test address 0607
Dasol,Uli,Synthetic Worker 0608,50,Other,Synthetic test address 0608
Dasol,Uli,Synthetic Worker 0609,57,Female,Synthetic test address 0609
Dasol,Uli,Synthetic Worker 0610,64,Male,Synthetic test address 0610
Dasol,Uli,Synthetic Worker 0611,23,Other,Synthetic test address 0611
Dasol,Uli,Synthetic Worker 0612,30,Female,Synthetic test address 0612
Dasol,Uli,Synthetic Worker 0613,37,Male,Synthetic test address 0613
Dasol,Uli,Synthetic Worker 0614,44,Other,Synthetic test address 0614
Dasol,Uli,Synthetic Worker 0615,51,Female,Synthetic test address 0615
Dasol,Uli,Synthetic Worker 0616,58,Male,Synthetic test address 0616
Dasol,Uli,Synthetic Worker 0617,65,Other,Synthetic test address 0617
Dasol,Uli,Synthetic Worker 0618,24,Female,Synthetic test address 0618
Dasol,Uli,Synthetic Worker 0619,31,Male,Synthetic test address 0619
Dasol,Uli,Synthetic Worker 0620,38,Other,Synthetic test address 0620
Infanta,Babuyan,Synthetic Worker 0621,45,Female,Synthetic test address 0621
Infanta,Babuyan,Synthetic Worker 0622,52,Male,Synthetic test address 0622
Infanta,Babuyan,Synthetic Worker 0623,59,Other,Synthetic test address 0623
Infanta,Babuyan,Synthetic Worker 0624,18,Female,Synthetic test address 0624
Infanta,Babuyan,Synthetic Worker 0625,25,Male,Synthetic test address 0625
Infanta,Babuyan,Synthetic Worker 0626,32,Other,Synthetic test address 0626
Infanta,Babuyan,Synthetic Worker 0627,39,Female,Synthetic test address 0627
Infanta,Babuyan,Synthetic Worker 0628,46,Male,Synthetic test address 0628
Infanta,Babuyan,Synthetic Worker 0629,53,Other,Synthetic test address 0629
Infanta,Babuyan,Synthetic Worker 0630,60,Female,Synthetic test address 0630
Infanta,Babuyan,Synthetic Worker 0631,19,Male,Synthetic test address 0631
Infanta,Babuyan,Synthetic Worker 0632,26,Other,Synthetic test address 0632
Infanta,Babuyan,Synthetic Worker 0633,33,Female,Synthetic test address 0633
Infanta,Babuyan,Synthetic Worker 0634,40,Male,Synthetic test address 0634
Infanta,Babuyan,Synthetic Worker 0635,47,Other,Synthetic test address 0635
Infanta,Babuyan,Synthetic Worker 0636,54,Female,Synthetic test address 0636
Infanta,Babuyan,Synthetic Worker 0637,61,Male,Synthetic test address 0637
Infanta,Babuyan,Synthetic Worker 0638,20,Other,Synthetic test address 0638
Infanta,Babuyan,Synthetic Worker 0639,27,Female,Synthetic test address 0639
Infanta,Babuyan,Synthetic Worker 0640,34,Male,Synthetic test address 0640
Infanta,Bamban,Synthetic Worker 0641,41,Other,Synthetic test address 0641
Infanta,Bamban,Synthetic Worker 0642,48,Female,Synthetic test address 0642
Infanta,Bamban,Synthetic Worker 0643,55,Male,Synthetic test address 0643
Infanta,Bamban,Synthetic Worker 0644,62,Other,Synthetic test address 0644
Infanta,Bamban,Synthetic Worker 0645,21,Female,Synthetic test address 0645
Infanta,Bamban,Synthetic Worker 0646,28,Male,Synthetic test address 0646
Infanta,Bamban,Synthetic Worker 0647,35,Other,Synthetic test address 0647
Infanta,Bamban,Synthetic Worker 0648,42,Female,Synthetic test address 0648
Infanta,Bamban,Synthetic Worker 0649,49,Male,Synthetic test address 0649
Infanta,Bamban,Synthetic Worker 0650,56,Other,Synthetic test address 0650
Infanta,Bamban,Synthetic Worker 0651,63,Female,Synthetic test address 0651
Infanta,Bamban,Synthetic Worker 0652,22,Male,Synthetic test address 0652
Infanta,Bamban,Synthetic Worker 0653,29,Other,Synthetic test address 0653
Infanta,Bamban,Synthetic Worker 0654,36,Female,Synthetic test address 0654
Infanta,Bamban,Synthetic Worker 0655,43,Male,Synthetic test address 0655
Infanta,Bamban,Synthetic Worker 0656,50,Other,Synthetic test address 0656
Infanta,Bamban,Synthetic Worker 0657,57,Female,Synthetic test address 0657
Infanta,Bamban,Synthetic Worker 0658,64,Male,Synthetic test address 0658
Infanta,Bamban,Synthetic Worker 0659,23,Other,Synthetic test address 0659
Infanta,Bamban,Synthetic Worker 0660,30,Female,Synthetic test address 0660
Infanta,Batang,Synthetic Worker 0661,37,Male,Synthetic test address 0661
Infanta,Batang,Synthetic Worker 0662,44,Other,Synthetic test address 0662
Infanta,Batang,Synthetic Worker 0663,51,Female,Synthetic test address 0663
Infanta,Batang,Synthetic Worker 0664,58,Male,Synthetic test address 0664
Infanta,Batang,Synthetic Worker 0665,65,Other,Synthetic test address 0665
Infanta,Batang,Synthetic Worker 0666,24,Female,Synthetic test address 0666
Infanta,Batang,Synthetic Worker 0667,31,Male,Synthetic test address 0667
Infanta,Batang,Synthetic Worker 0668,38,Other,Synthetic test address 0668
Infanta,Batang,Synthetic Worker 0669,45,Female,Synthetic test address 0669
Infanta,Batang,Synthetic Worker 0670,52,Male,Synthetic test address 0670
Infanta,Batang,Synthetic Worker 0671,59,Other,Synthetic test address 0671
Infanta,Batang,Synthetic Worker 0672,18,Female,Synthetic test address 0672
Infanta,Batang,Synthetic Worker 0673,25,Male,Synthetic test address 0673
Infanta,Batang,Synthetic Worker 0674,32,Other,Synthetic test address 0674
Infanta,Batang,Synthetic Worker 0675,39,Female,Synthetic test address 0675
Infanta,Batang,Synthetic Worker 0676,46,Male,Synthetic test address 0676
Infanta,Batang,Synthetic Worker 0677,53,Other,Synthetic test address 0677
Infanta,Batang,Synthetic Worker 0678,60,Female,Synthetic test address 0678
Infanta,Batang,Synthetic Worker 0679,19,Male,Synthetic test address 0679
Infanta,Batang,Synthetic Worker 0680,26,Other,Synthetic test address 0680
Infanta,Bayambang,Synthetic Worker 0681,33,Female,Synthetic test address 0681
Infanta,Bayambang,Synthetic Worker 0682,40,Male,Synthetic test address 0682
Infanta,Bayambang,Synthetic Worker 0683,47,Other,Synthetic test address 0683
Infanta,Bayambang,Synthetic Worker 0684,54,Female,Synthetic test address 0684
Infanta,Bayambang,Synthetic Worker 0685,61,Male,Synthetic test address 0685
Infanta,Bayambang,Synthetic Worker 0686,20,Other,Synthetic test address 0686
Infanta,Bayambang,Synthetic Worker 0687,27,Female,Synthetic test address 0687
Infanta,Bayambang,Synthetic Worker 0688,34,Male,Synthetic test address 0688
Infanta,Bayambang,Synthetic Worker 0689,41,Other,Synthetic test address 0689
Infanta,Bayambang,Synthetic Worker 0690,48,Female,Synthetic test address 0690
Infanta,Bayambang,Synthetic Worker 0691,55,Male,Synthetic test address 0691
Infanta,Bayambang,Synthetic Worker 0692,62,Other,Synthetic test address 0692
Infanta,Bayambang,Synthetic Worker 0693,21,Female,Synthetic test address 0693
Infanta,Bayambang,Synthetic Worker 0694,28,Male,Synthetic test address 0694
Infanta,Bayambang,Synthetic Worker 0695,35,Other,Synthetic test address 0695
Infanta,Bayambang,Synthetic Worker 0696,42,Female,Synthetic test address 0696
Infanta,Bayambang,Synthetic Worker 0697,49,Male,Synthetic test address 0697
Infanta,Bayambang,Synthetic Worker 0698,56,Other,Synthetic test address 0698
Infanta,Bayambang,Synthetic Worker 0699,63,Female,Synthetic test address 0699
Infanta,Bayambang,Synthetic Worker 0700,22,Male,Synthetic test address 0700
Infanta,Cato,Synthetic Worker 0701,29,Other,Synthetic test address 0701
Infanta,Cato,Synthetic Worker 0702,36,Female,Synthetic test address 0702
Infanta,Cato,Synthetic Worker 0703,43,Male,Synthetic test address 0703
Infanta,Cato,Synthetic Worker 0704,50,Other,Synthetic test address 0704
Infanta,Cato,Synthetic Worker 0705,57,Female,Synthetic test address 0705
Infanta,Cato,Synthetic Worker 0706,64,Male,Synthetic test address 0706
Infanta,Cato,Synthetic Worker 0707,23,Other,Synthetic test address 0707
Infanta,Cato,Synthetic Worker 0708,30,Female,Synthetic test address 0708
Infanta,Cato,Synthetic Worker 0709,37,Male,Synthetic test address 0709
Infanta,Cato,Synthetic Worker 0710,44,Other,Synthetic test address 0710
Infanta,Cato,Synthetic Worker 0711,51,Female,Synthetic test address 0711
Infanta,Cato,Synthetic Worker 0712,58,Male,Synthetic test address 0712
Infanta,Cato,Synthetic Worker 0713,65,Other,Synthetic test address 0713
Infanta,Cato,Synthetic Worker 0714,24,Female,Synthetic test address 0714
Infanta,Cato,Synthetic Worker 0715,31,Male,Synthetic test address 0715
Infanta,Cato,Synthetic Worker 0716,38,Other,Synthetic test address 0716
Infanta,Cato,Synthetic Worker 0717,45,Female,Synthetic test address 0717
Infanta,Cato,Synthetic Worker 0718,52,Male,Synthetic test address 0718
Infanta,Cato,Synthetic Worker 0719,59,Other,Synthetic test address 0719
Infanta,Cato,Synthetic Worker 0720,18,Female,Synthetic test address 0720
Infanta,Doliman,Synthetic Worker 0721,25,Male,Synthetic test address 0721
Infanta,Doliman,Synthetic Worker 0722,32,Other,Synthetic test address 0722
Infanta,Doliman,Synthetic Worker 0723,39,Female,Synthetic test address 0723
Infanta,Doliman,Synthetic Worker 0724,46,Male,Synthetic test address 0724
Infanta,Doliman,Synthetic Worker 0725,53,Other,Synthetic test address 0725
Infanta,Doliman,Synthetic Worker 0726,60,Female,Synthetic test address 0726
Infanta,Doliman,Synthetic Worker 0727,19,Male,Synthetic test address 0727
Infanta,Doliman,Synthetic Worker 0728,26,Other,Synthetic test address 0728
Infanta,Doliman,Synthetic Worker 0729,33,Female,Synthetic test address 0729
Infanta,Doliman,Synthetic Worker 0730,40,Male,Synthetic test address 0730
Infanta,Doliman,Synthetic Worker 0731,47,Other,Synthetic test address 0731
Infanta,Doliman,Synthetic Worker 0732,54,Female,Synthetic test address 0732
Infanta,Doliman,Synthetic Worker 0733,61,Male,Synthetic test address 0733
Infanta,Doliman,Synthetic Worker 0734,20,Other,Synthetic test address 0734
Infanta,Doliman,Synthetic Worker 0735,27,Female,Synthetic test address 0735
Infanta,Doliman,Synthetic Worker 0736,34,Male,Synthetic test address 0736
Infanta,Doliman,Synthetic Worker 0737,41,Other,Synthetic test address 0737
Infanta,Doliman,Synthetic Worker 0738,48,Female,Synthetic test address 0738
Infanta,Doliman,Synthetic Worker 0739,55,Male,Synthetic test address 0739
Infanta,Doliman,Synthetic Worker 0740,62,Other,Synthetic test address 0740
Infanta,Fatima,Synthetic Worker 0741,21,Female,Synthetic test address 0741
Infanta,Fatima,Synthetic Worker 0742,28,Male,Synthetic test address 0742
Infanta,Fatima,Synthetic Worker 0743,35,Other,Synthetic test address 0743
Infanta,Fatima,Synthetic Worker 0744,42,Female,Synthetic test address 0744
Infanta,Fatima,Synthetic Worker 0745,49,Male,Synthetic test address 0745
Infanta,Fatima,Synthetic Worker 0746,56,Other,Synthetic test address 0746
Infanta,Fatima,Synthetic Worker 0747,63,Female,Synthetic test address 0747
Infanta,Fatima,Synthetic Worker 0748,22,Male,Synthetic test address 0748
Infanta,Fatima,Synthetic Worker 0749,29,Other,Synthetic test address 0749
Infanta,Fatima,Synthetic Worker 0750,36,Female,Synthetic test address 0750
Infanta,Fatima,Synthetic Worker 0751,43,Male,Synthetic test address 0751
Infanta,Fatima,Synthetic Worker 0752,50,Other,Synthetic test address 0752
Infanta,Fatima,Synthetic Worker 0753,57,Female,Synthetic test address 0753
Infanta,Fatima,Synthetic Worker 0754,64,Male,Synthetic test address 0754
Infanta,Fatima,Synthetic Worker 0755,23,Other,Synthetic test address 0755
Infanta,Fatima,Synthetic Worker 0756,30,Female,Synthetic test address 0756
Infanta,Fatima,Synthetic Worker 0757,37,Male,Synthetic test address 0757
Infanta,Fatima,Synthetic Worker 0758,44,Other,Synthetic test address 0758
Infanta,Fatima,Synthetic Worker 0759,51,Female,Synthetic test address 0759
Infanta,Fatima,Synthetic Worker 0760,58,Male,Synthetic test address 0760
Infanta,Maya,Synthetic Worker 0761,65,Other,Synthetic test address 0761
Infanta,Maya,Synthetic Worker 0762,24,Female,Synthetic test address 0762
Infanta,Maya,Synthetic Worker 0763,31,Male,Synthetic test address 0763
Infanta,Maya,Synthetic Worker 0764,38,Other,Synthetic test address 0764
Infanta,Maya,Synthetic Worker 0765,45,Female,Synthetic test address 0765
Infanta,Maya,Synthetic Worker 0766,52,Male,Synthetic test address 0766
Infanta,Maya,Synthetic Worker 0767,59,Other,Synthetic test address 0767
Infanta,Maya,Synthetic Worker 0768,18,Female,Synthetic test address 0768
Infanta,Maya,Synthetic Worker 0769,25,Male,Synthetic test address 0769
Infanta,Maya,Synthetic Worker 0770,32,Other,Synthetic test address 0770
Infanta,Maya,Synthetic Worker 0771,39,Female,Synthetic test address 0771
Infanta,Maya,Synthetic Worker 0772,46,Male,Synthetic test address 0772
Infanta,Maya,Synthetic Worker 0773,53,Other,Synthetic test address 0773
Infanta,Maya,Synthetic Worker 0774,60,Female,Synthetic test address 0774
Infanta,Maya,Synthetic Worker 0775,19,Male,Synthetic test address 0775
Infanta,Maya,Synthetic Worker 0776,26,Other,Synthetic test address 0776
Infanta,Maya,Synthetic Worker 0777,33,Female,Synthetic test address 0777
Infanta,Maya,Synthetic Worker 0778,40,Male,Synthetic test address 0778
Infanta,Maya,Synthetic Worker 0779,47,Other,Synthetic test address 0779
Infanta,Maya,Synthetic Worker 0780,54,Female,Synthetic test address 0780
Infanta,Nangalisan,Synthetic Worker 0781,61,Male,Synthetic test address 0781
Infanta,Nangalisan,Synthetic Worker 0782,20,Other,Synthetic test address 0782
Infanta,Nangalisan,Synthetic Worker 0783,27,Female,Synthetic test address 0783
Infanta,Nangalisan,Synthetic Worker 0784,34,Male,Synthetic test address 0784
Infanta,Nangalisan,Synthetic Worker 0785,41,Other,Synthetic test address 0785
Infanta,Nangalisan,Synthetic Worker 0786,48,Female,Synthetic test address 0786
Infanta,Nangalisan,Synthetic Worker 0787,55,Male,Synthetic test address 0787
Infanta,Nangalisan,Synthetic Worker 0788,62,Other,Synthetic test address 0788
Infanta,Nangalisan,Synthetic Worker 0789,21,Female,Synthetic test address 0789
Infanta,Nangalisan,Synthetic Worker 0790,28,Male,Synthetic test address 0790
Infanta,Nangalisan,Synthetic Worker 0791,35,Other,Synthetic test address 0791
Infanta,Nangalisan,Synthetic Worker 0792,42,Female,Synthetic test address 0792
Infanta,Nangalisan,Synthetic Worker 0793,49,Male,Synthetic test address 0793
Infanta,Nangalisan,Synthetic Worker 0794,56,Other,Synthetic test address 0794
Infanta,Nangalisan,Synthetic Worker 0795,63,Female,Synthetic test address 0795
Infanta,Nangalisan,Synthetic Worker 0796,22,Male,Synthetic test address 0796
Infanta,Nangalisan,Synthetic Worker 0797,29,Other,Synthetic test address 0797
Infanta,Nangalisan,Synthetic Worker 0798,36,Female,Synthetic test address 0798
Infanta,Nangalisan,Synthetic Worker 0799,43,Male,Synthetic test address 0799
Infanta,Nangalisan,Synthetic Worker 0800,50,Other,Synthetic test address 0800
Infanta,Nayom,Synthetic Worker 0801,57,Female,Synthetic test address 0801
Infanta,Nayom,Synthetic Worker 0802,64,Male,Synthetic test address 0802
Infanta,Nayom,Synthetic Worker 0803,23,Other,Synthetic test address 0803
Infanta,Nayom,Synthetic Worker 0804,30,Female,Synthetic test address 0804
Infanta,Nayom,Synthetic Worker 0805,37,Male,Synthetic test address 0805
Infanta,Nayom,Synthetic Worker 0806,44,Other,Synthetic test address 0806
Infanta,Nayom,Synthetic Worker 0807,51,Female,Synthetic test address 0807
Infanta,Nayom,Synthetic Worker 0808,58,Male,Synthetic test address 0808
Infanta,Nayom,Synthetic Worker 0809,65,Other,Synthetic test address 0809
Infanta,Nayom,Synthetic Worker 0810,24,Female,Synthetic test address 0810
Infanta,Nayom,Synthetic Worker 0811,31,Male,Synthetic test address 0811
Infanta,Nayom,Synthetic Worker 0812,38,Other,Synthetic test address 0812
Infanta,Nayom,Synthetic Worker 0813,45,Female,Synthetic test address 0813
Infanta,Nayom,Synthetic Worker 0814,52,Male,Synthetic test address 0814
Infanta,Nayom,Synthetic Worker 0815,59,Other,Synthetic test address 0815
Infanta,Nayom,Synthetic Worker 0816,18,Female,Synthetic test address 0816
Infanta,Nayom,Synthetic Worker 0817,25,Male,Synthetic test address 0817
Infanta,Nayom,Synthetic Worker 0818,32,Other,Synthetic test address 0818
Infanta,Nayom,Synthetic Worker 0819,39,Female,Synthetic test address 0819
Infanta,Nayom,Synthetic Worker 0820,46,Male,Synthetic test address 0820
Infanta,Pita,Synthetic Worker 0821,53,Other,Synthetic test address 0821
Infanta,Pita,Synthetic Worker 0822,60,Female,Synthetic test address 0822
Infanta,Pita,Synthetic Worker 0823,19,Male,Synthetic test address 0823
Infanta,Pita,Synthetic Worker 0824,26,Other,Synthetic test address 0824
Infanta,Pita,Synthetic Worker 0825,33,Female,Synthetic test address 0825
Infanta,Pita,Synthetic Worker 0826,40,Male,Synthetic test address 0826
Infanta,Pita,Synthetic Worker 0827,47,Other,Synthetic test address 0827
Infanta,Pita,Synthetic Worker 0828,54,Female,Synthetic test address 0828
Infanta,Pita,Synthetic Worker 0829,61,Male,Synthetic test address 0829
Infanta,Pita,Synthetic Worker 0830,20,Other,Synthetic test address 0830
Infanta,Pita,Synthetic Worker 0831,27,Female,Synthetic test address 0831
Infanta,Pita,Synthetic Worker 0832,34,Male,Synthetic test address 0832
Infanta,Pita,Synthetic Worker 0833,41,Other,Synthetic test address 0833
Infanta,Pita,Synthetic Worker 0834,48,Female,Synthetic test address 0834
Infanta,Pita,Synthetic Worker 0835,55,Male,Synthetic test address 0835
Infanta,Pita,Synthetic Worker 0836,62,Other,Synthetic test address 0836
Infanta,Pita,Synthetic Worker 0837,21,Female,Synthetic test address 0837
Infanta,Pita,Synthetic Worker 0838,28,Male,Synthetic test address 0838
Infanta,Pita,Synthetic Worker 0839,35,Other,Synthetic test address 0839
Infanta,Pita,Synthetic Worker 0840,42,Female,Synthetic test address 0840
Infanta,Poblacion,Synthetic Worker 0841,49,Male,Synthetic test address 0841
Infanta,Poblacion,Synthetic Worker 0842,56,Other,Synthetic test address 0842
Infanta,Poblacion,Synthetic Worker 0843,63,Female,Synthetic test address 0843
Infanta,Poblacion,Synthetic Worker 0844,22,Male,Synthetic test address 0844
Infanta,Poblacion,Synthetic Worker 0845,29,Other,Synthetic test address 0845
Infanta,Poblacion,Synthetic Worker 0846,36,Female,Synthetic test address 0846
Infanta,Poblacion,Synthetic Worker 0847,43,Male,Synthetic test address 0847
Infanta,Poblacion,Synthetic Worker 0848,50,Other,Synthetic test address 0848
Infanta,Poblacion,Synthetic Worker 0849,57,Female,Synthetic test address 0849
Infanta,Poblacion,Synthetic Worker 0850,64,Male,Synthetic test address 0850
Infanta,Poblacion,Synthetic Worker 0851,23,Other,Synthetic test address 0851
Infanta,Poblacion,Synthetic Worker 0852,30,Female,Synthetic test address 0852
Infanta,Poblacion,Synthetic Worker 0853,37,Male,Synthetic test address 0853
Infanta,Poblacion,Synthetic Worker 0854,44,Other,Synthetic test address 0854
Infanta,Poblacion,Synthetic Worker 0855,51,Female,Synthetic test address 0855
Infanta,Poblacion,Synthetic Worker 0856,58,Male,Synthetic test address 0856
Infanta,Poblacion,Synthetic Worker 0857,65,Other,Synthetic test address 0857
Infanta,Poblacion,Synthetic Worker 0858,24,Female,Synthetic test address 0858
Infanta,Poblacion,Synthetic Worker 0859,31,Male,Synthetic test address 0859
Infanta,Poblacion,Synthetic Worker 0860,38,Other,Synthetic test address 0860
Infanta,Potol,Synthetic Worker 0861,45,Female,Synthetic test address 0861
Infanta,Potol,Synthetic Worker 0862,52,Male,Synthetic test address 0862
Infanta,Potol,Synthetic Worker 0863,59,Other,Synthetic test address 0863
Infanta,Potol,Synthetic Worker 0864,18,Female,Synthetic test address 0864
Infanta,Potol,Synthetic Worker 0865,25,Male,Synthetic test address 0865
Infanta,Potol,Synthetic Worker 0866,32,Other,Synthetic test address 0866
Infanta,Potol,Synthetic Worker 0867,39,Female,Synthetic test address 0867
Infanta,Potol,Synthetic Worker 0868,46,Male,Synthetic test address 0868
Infanta,Potol,Synthetic Worker 0869,53,Other,Synthetic test address 0869
Infanta,Potol,Synthetic Worker 0870,60,Female,Synthetic test address 0870
Infanta,Potol,Synthetic Worker 0871,19,Male,Synthetic test address 0871
Infanta,Potol,Synthetic Worker 0872,26,Other,Synthetic test address 0872
Infanta,Potol,Synthetic Worker 0873,33,Female,Synthetic test address 0873
Infanta,Potol,Synthetic Worker 0874,40,Male,Synthetic test address 0874
Infanta,Potol,Synthetic Worker 0875,47,Other,Synthetic test address 0875
Infanta,Potol,Synthetic Worker 0876,54,Female,Synthetic test address 0876
Infanta,Potol,Synthetic Worker 0877,61,Male,Synthetic test address 0877
Infanta,Potol,Synthetic Worker 0878,20,Other,Synthetic test address 0878
Infanta,Potol,Synthetic Worker 0879,27,Female,Synthetic test address 0879
Infanta,Potol,Synthetic Worker 0880,34,Male,Synthetic test address 0880
San Fabian,Bolasi,Synthetic Worker 0881,41,Other,Synthetic test address 0881
San Fabian,Bolasi,Synthetic Worker 0882,48,Female,Synthetic test address 0882
San Fabian,Bolasi,Synthetic Worker 0883,55,Male,Synthetic test address 0883
San Fabian,Bolasi,Synthetic Worker 0884,62,Other,Synthetic test address 0884
San Fabian,Bolasi,Synthetic Worker 0885,21,Female,Synthetic test address 0885
San Fabian,Bolasi,Synthetic Worker 0886,28,Male,Synthetic test address 0886
San Fabian,Bolasi,Synthetic Worker 0887,35,Other,Synthetic test address 0887
San Fabian,Bolasi,Synthetic Worker 0888,42,Female,Synthetic test address 0888
San Fabian,Bolasi,Synthetic Worker 0889,49,Male,Synthetic test address 0889
San Fabian,Bolasi,Synthetic Worker 0890,56,Other,Synthetic test address 0890
San Fabian,Bolasi,Synthetic Worker 0891,63,Female,Synthetic test address 0891
San Fabian,Bolasi,Synthetic Worker 0892,22,Male,Synthetic test address 0892
San Fabian,Bolasi,Synthetic Worker 0893,29,Other,Synthetic test address 0893
San Fabian,Bolasi,Synthetic Worker 0894,36,Female,Synthetic test address 0894
San Fabian,Bolasi,Synthetic Worker 0895,43,Male,Synthetic test address 0895
San Fabian,Bolasi,Synthetic Worker 0896,50,Other,Synthetic test address 0896
San Fabian,Bolasi,Synthetic Worker 0897,57,Female,Synthetic test address 0897
San Fabian,Bolasi,Synthetic Worker 0898,64,Male,Synthetic test address 0898
San Fabian,Bolasi,Synthetic Worker 0899,23,Other,Synthetic test address 0899
San Fabian,Bolasi,Synthetic Worker 0900,30,Female,Synthetic test address 0900
San Fabian,Longos,Synthetic Worker 0901,37,Male,Synthetic test address 0901
San Fabian,Longos,Synthetic Worker 0902,44,Other,Synthetic test address 0902
San Fabian,Longos,Synthetic Worker 0903,51,Female,Synthetic test address 0903
San Fabian,Longos,Synthetic Worker 0904,58,Male,Synthetic test address 0904
San Fabian,Longos,Synthetic Worker 0905,65,Other,Synthetic test address 0905
San Fabian,Longos,Synthetic Worker 0906,24,Female,Synthetic test address 0906
San Fabian,Longos,Synthetic Worker 0907,31,Male,Synthetic test address 0907
San Fabian,Longos,Synthetic Worker 0908,38,Other,Synthetic test address 0908
San Fabian,Longos,Synthetic Worker 0909,45,Female,Synthetic test address 0909
San Fabian,Longos,Synthetic Worker 0910,52,Male,Synthetic test address 0910
San Fabian,Longos,Synthetic Worker 0911,59,Other,Synthetic test address 0911
San Fabian,Longos,Synthetic Worker 0912,18,Female,Synthetic test address 0912
San Fabian,Longos,Synthetic Worker 0913,25,Male,Synthetic test address 0913
San Fabian,Longos,Synthetic Worker 0914,32,Other,Synthetic test address 0914
San Fabian,Longos,Synthetic Worker 0915,39,Female,Synthetic test address 0915
San Fabian,Longos,Synthetic Worker 0916,46,Male,Synthetic test address 0916
San Fabian,Longos,Synthetic Worker 0917,53,Other,Synthetic test address 0917
San Fabian,Longos,Synthetic Worker 0918,60,Female,Synthetic test address 0918
San Fabian,Longos,Synthetic Worker 0919,19,Male,Synthetic test address 0919
San Fabian,Longos,Synthetic Worker 0920,26,Other,Synthetic test address 0920
San Fabian,Tiblong,Synthetic Worker 0921,33,Female,Synthetic test address 0921
San Fabian,Tiblong,Synthetic Worker 0922,40,Male,Synthetic test address 0922
San Fabian,Tiblong,Synthetic Worker 0923,47,Other,Synthetic test address 0923
San Fabian,Tiblong,Synthetic Worker 0924,54,Female,Synthetic test address 0924
San Fabian,Tiblong,Synthetic Worker 0925,61,Male,Synthetic test address 0925
San Fabian,Tiblong,Synthetic Worker 0926,20,Other,Synthetic test address 0926
San Fabian,Tiblong,Synthetic Worker 0927,27,Female,Synthetic test address 0927
San Fabian,Tiblong,Synthetic Worker 0928,34,Male,Synthetic test address 0928
San Fabian,Tiblong,Synthetic Worker 0929,41,Other,Synthetic test address 0929
San Fabian,Tiblong,Synthetic Worker 0930,48,Female,Synthetic test address 0930
San Fabian,Tiblong,Synthetic Worker 0931,55,Male,Synthetic test address 0931
San Fabian,Tiblong,Synthetic Worker 0932,62,Other,Synthetic test address 0932
San Fabian,Tiblong,Synthetic Worker 0933,21,Female,Synthetic test address 0933
San Fabian,Tiblong,Synthetic Worker 0934,28,Male,Synthetic test address 0934
San Fabian,Tiblong,Synthetic Worker 0935,35,Other,Synthetic test address 0935
San Fabian,Tiblong,Synthetic Worker 0936,42,Female,Synthetic test address 0936
San Fabian,Tiblong,Synthetic Worker 0937,49,Male,Synthetic test address 0937
San Fabian,Tiblong,Synthetic Worker 0938,56,Other,Synthetic test address 0938
San Fabian,Tiblong,Synthetic Worker 0939,63,Female,Synthetic test address 0939
San Fabian,Tiblong,Synthetic Worker 0940,22,Male,Synthetic test address 0940